name	views_12m	source	status	already_used	wiki_title
Омаргалієва Олена Костянтинівна	134966	Українські попспівачки	keep	False	Омаргалієва Олена Костянтинівна
Тіна Кароль	93673	Українські попспівачки	keep	True	Тіна Кароль
Лесик Сам	82508	Українські рок-співаки	keep	False	Лесик Сам
Ротару Софія Михайлівна	72196	Українські попспівачки	keep	False	Ротару Софія Михайлівна
Victoria Niro	65859	Українські попспівачки	keep	False	Victoria Niro
Огнєвіч Злата Леонідівна	59575	Українські попспівачки	keep	False	Огнєвіч Злата Леонідівна
Тополя Олена Олександрівна	59386	Українські попспівачки	keep	False	Тополя Олена Олександрівна
Jerry Heil	57769	Українські попспівачки	keep	True	Jerry Heil
Дорофєєва Надія Володимирівна	56930	Українські попспівачки	keep	False	Дорофєєва Надія Володимирівна
Володимир Дантес	56576	Українські попспіваки	keep	False	Володимир Дантес
Скрябін	56160	Українські рок-гурти	keep	True	Скрябін (гурт)
Іво Бобул	55721	Українські попспіваки	keep	False	Іво Бобул
Вакарчук Святослав Іванович	55718	Українські рок-співаки	keep	False	Вакарчук Святослав Іванович
Ані Лорак	50329	Українські попспівачки	keep	False	Ані Лорак
Трінчер Анна Леонідівна	49340	Українські попспівачки	keep	False	Трінчер Анна Леонідівна
Хома Михайло Степанович	45532	Українські попспіваки	keep	False	Хома Михайло Степанович
Міка Ньютон	45371	Українські попспівачки	keep	False	Міка Ньютон
Klavdia Petrivna	43745	Українські попспівачки	keep	True	Klavdia Petrivna
Могилевська Наталія Олексіївна	43181	Українські попспівачки	keep	False	Могилевська Наталія Олексіївна
Кажанна	42000	Українські попспівачки	keep	False	Кажанна
Океан Ельзи	41833	Українські рок-гурти	keep	True	Океан Ельзи
Білик Ірина Миколаївна	41801	Українські попспівачки	keep	False	Білик Ірина Миколаївна
Green Grey	41490	Українські рок-гурти	keep	False	Green Grey
Данилко Андрій Михайлович	39881	Українські попспіваки	keep	False	Данилко Андрій Михайлович
Козловський Віталій Віталійович	37512	Українські попспіваки	keep	False	Козловський Віталій Віталійович
Настя Каменських	36895	Українські попспівачки	keep	False	Настя Каменських
Гросу Аліна Михайлівна	36302	Українські попспіваки	keep	False	Гросу Аліна Михайлівна
MamaRika	36293	Українські попспівачки	keep	False	MamaRika
Монатик Дмитро Сергійович	35572	Українські попспіваки	keep	False	Монатик Дмитро Сергійович
Астаф'єва Дарія Вікторівна	33641	Українські попспівачки	keep	False	Астаф'єва Дарія Вікторівна
Бумбокс	30415	Українські рок-гурти	keep	True	Бумбокс
Федишин Ірина Петрівна	29633	Українські попспівачки	keep	False	Федишин Ірина Петрівна
Валентин Стрикало	27982	Українські рок-гурти	keep	False	Валентин Стрикало
Джамала	27770	Українські попспіваки	keep	True	Джамала
Танок на майдані Конґо	26755	Українські рок-гурти	keep	False	Танок на майдані Конґо
Павлик Віктор Франкович	25727	Українські попспіваки	keep	False	Павлик Віктор Франкович
Лижичко Руслана Степанівна	25612	Українські попспівачки	keep	False	Лижичко Руслана Степанівна
Скрипка Олег Юрійович	24827	Українські рок-співаки	keep	False	Скрипка Олег Юрійович
Повалій Таїсія Миколаївна	24794	Українські попспівачки	keep	False	Повалій Таїсія Миколаївна
Брати Гадюкіни	24031	Українські рок-гурти	keep	True	Брати Гадюкіни
Винник Олег Анатолійович	24028	Українські попспіваки	keep	False	Винник Олег Анатолійович
Без обмежень	22859	Українські рок-гурти	keep	True	Без обмежень
Мішель Андраде	22702	Українські попспівачки	keep	False	Мішель Андраде
Бужинська Катерина Володимирівна	22615	Українські попспіваки	keep	False	Бужинська Катерина Володимирівна
Приходько Анастасія Костянтинівна	21863	Українські попспівачки	keep	False	Приходько Анастасія Костянтинівна
Матвієнко Антоніна Петрівна	21572	Українські попспівачки	keep	False	Матвієнко Антоніна Петрівна
Пономарьов Олександр Валерійович	21215	Українські попспіваки	keep	False	Пономарьов Олександр Валерійович
Гнатюк Микола Васильович	21024	Українські попспіваки	keep	False	Гнатюк Микола Васильович
Мейхер Надія Олександрівна	20683	Українські попспівачки	keep	False	Мейхер Надія Олександрівна
Нервы	20267	Українські рок-гурти	keep	False	Нервы
Булітко Вікторія Сергіївна	19732	Українські попспівачки	keep	False	Булітко Вікторія Сергіївна
Тарабарова Світлана Василівна	19281	Українські попспівачки	keep	False	Тарабарова Світлана Василівна
Воплі Відоплясова	18419	Українські рок-гурти	keep	True	Воплі Відоплясова
Жадан і Собаки	18348	Українські рок-гурти	keep	True	Жадан і Собаки
Сестричка Віка	18061	Українські рок-гурти	keep	False	Сестричка Віка
Мертвий півень	18052	Українські рок-гурти	keep	True	Мертвий півень
Кондратенко Марія Ігорівна	17536	Українські попспівачки	keep	False	Кондратенко Марія Ігорівна
Zi Faámelu	17459	Українські попспіваки	keep	False	Zi Faámelu
Цибульська Ольга Павлівна	17133	Українські попспівачки	keep	False	Цибульська Ольга Павлівна
Пошлая Молли	16741	Українські рок-гурти	keep	False	Пошлая Молли
Яремчук Марія Назарівна	16741	Українські попспівачки	keep	False	Яремчук Марія Назарівна
Tayanna	16732	Українські попспівачки	keep	True	Tayanna
Друга Ріка	16689	Українські рок-гурти	keep	True	Друга Ріка
EL Кравчук	16638	Українські попспіваки	keep	False	EL Кравчук
Бурмака Марія Вікторівна	16493	Українські рок-гурти	keep	False	Бурмака Марія Вікторівна
Юріна Юлія Едуардівна	15653	Українські попспівачки	keep	False	Юріна Юлія Едуардівна
Laud	15491	Українські попспіваки	keep	False	Laud
Бучинська Наталія Любомирівна	15377	Українські попспівачки	keep	False	Бучинська Наталія Любомирівна
Танчинець Сергій Володимирович	15146	Українські рок-співаки	keep	False	Танчинець Сергій Володимирович
Грицкан Михайло Васильович	14242	Українські попспіваки	keep	False	Грицкан Михайло Васильович
Карпук Ярослав Миколайович	14123	Українські попспіваки	keep	False	Карпук Ярослав Миколайович
Олійник Вадим Анатолійович	13556	Українські попспіваки	keep	False	Олійник Вадим Анатолійович
Дімопулос Хрисанті Янісівна	13434	Українські попспівачки	keep	False	Дімопулос Хрисанті Янісівна
Сусіди Стерплять	13402	Українські рок-гурти	keep	False	Сусіди Стерплять
ТіК	13314	Українські рок-гурти	keep	False	ТіК
Rozhden	13239	Українські попспіваки	keep	False	Rozhden
Go A	12884	Українські рок-гурти	keep	False	Go A
Kozak System	12866	Українські рок-гурти	keep	True	Kozak System
Alekseev	12808	Українські попспіваки	keep	False	Alekseev
Гайтана	12571	Українські попспівачки	keep	False	Гайтана
Антитіла	12366	Українські рок-гурти	keep	True	Антитіла (гурт)
Ziferblat	12234	Українські рок-гурти	keep	False	Ziferblat
Мартинюк Алла Андріївна	11814	Українські попспіваки	keep	False	Мартинюк Алла Андріївна
Qatoshi	11794	Українські попспіваки	keep	False	Qatoshi
Вітас	11557	Українські попспіваки	keep	False	Вітас
ДК Енергетик	11444	Українські рок-гурти	keep	False	ДК Енергетик
The Hardkiss	11441	Українські рок-гурти	keep	True	The Hardkiss
Уляна Дель Рей	11291	Українські рок-гурти	keep	False	Уляна Дель Рей
Плач Єремії	10661	Українські рок-гурти	keep	True	Плач Єремії (гурт)
Julik	10599	Українські попспіваки	keep	False	Julik
Спів братів	10447	Українські рок-гурти	keep	False	Спів братів
Руся	10390	Українські попспівачки	keep	False	Руся
Катя Chilly	10067	Українські попспівачки	keep	False	Катя Chilly
Швець Яна Ігорівна	9759	Українські попспівачки	keep	False	Швець Яна Ігорівна
Луна	9727	Українські попспівачки	keep	False	Луна (співачка)
Діти інженерів	9218	Українські рок-гурти	keep	False	Діти інженерів
Амадор Лопес	8776	Українські попспіваки	keep	False	Амадор Лопес
Лобач Віталій Ігорович	8667	Українські попспіваки	keep	False	Лобач Віталій Ігорович
Ла-Манш	8362	Українські рок-гурти	keep	False	Ла-Манш (гурт)
Epolets	8334	Українські рок-гурти	keep	False	Epolets
Мотор'ролла	8265	Українські рок-гурти	keep	False	Мотор'ролла
Думанська Юлія Ігорівна	8070	Українські попспіваки	keep	False	Думанська Юлія Ігорівна
СКАЙ	8043	Українські рок-гурти	keep	False	СКАЙ
Карпа Наталія Семенівна	7964	Українські попспівачки	keep	False	Карпа Наталія Семенівна
Pianoбой	7794	Українські рок-гурти	keep	True	Pianoбой
Ассія Ахат	7727	Українські попспіваки	keep	False	Ассія Ахат
Влад Дарвін	7647	Українські попспіваки	keep	False	Влад Дарвін
O.Torvald	7227	Українські рок-гурти	keep	True	O.Torvald
Крихітка Цахес	7173	Українські рок-гурти	keep	False	Крихітка Цахес (гурт)
Лері Вінн	7130	Українські попспіваки	keep	False	Лері Вінн
Esthetic Education	6995	Українські рок-гурти	keep	False	Esthetic Education
Табула Раса	6832	Українські рок-гурти	keep	False	Табула Раса (гурт)
Димна суміш	6722	Українські рок-гурти	keep	False	Димна суміш
Лінія Маннергейма	6616	Українські рок-гурти	keep	False	Лінія Маннергейма (гурт)
Горбачова Ольга Юріївна	6539	Українські попспіваки	keep	False	Горбачова Ольга Юріївна
Кому вниз	6472	Українські рок-гурти	keep	True	Кому вниз
FliT	6471	Українські рок-гурти	keep	False	FliT
Yurcash	6270	Українські рок-гурти	keep	False	Yurcash
Могилинець Наталія Володимирівна	6021	Українські попспівачки	keep	False	Могилинець Наталія Володимирівна
Герцег Еріка Миколаївна	5856	Українські попспівачки	keep	False	Герцег Еріка Миколаївна
Братущик Інеса Михайлівна	5844	Українські попспівачки	keep	False	Братущик Інеса Михайлівна
Мєх Артем Сергійович	5741	Українські попспіваки	keep	False	Мєх Артем Сергійович
Bahroma	5655	Українські рок-гурти	keep	False	Bahroma
Пашковська Юлія Максимівна	5489	Українські попспівачки	keep	False	Пашковська Юлія Максимівна
Ґринджоли	5473	Українські рок-гурти	keep	False	Ґринджоли (гурт)
Харцизи	5426	Українські рок-гурти	keep	False	Харцизи (гурт)
Вій	5202	Українські рок-гурти	keep	False	Вій (гурт)
Арніка	5181	Українські рок-гурти	keep	False	Арніка (гурт)
Гучок Зеновій Васильович	5162	Українські попспіваки	keep	False	Гучок Зеновій Васильович
Grandma's Smuzi	5130	Українські рок-гурти	keep	False	Grandma's Smuzi
Загорська Юлія Петрівна	5046	Українські попспівачки	keep	False	Загорська Юлія Петрівна
Крихітка	4962	Українські рок-гурти	keep	False	Крихітка
Сметана band	4940	Українські рок-гурти	keep	False	Сметана band
Міла Нітіч	4819	Українські попспівачки	keep	False	Міла Нітіч
Mad Heads	4726	Українські рок-гурти	keep	False	Mad Heads
Мандри	4570	Українські рок-гурти	keep	True	Мандри (гурт)
Мері	4544	Українські рок-гурти	keep	False	Мері (гурт)
Ніколайчук Аіда Юріївна	4485	Українські попспівачки	keep	False	Ніколайчук Аіда Юріївна
Павло Варениця	4424	Українські рок-співаки	keep	False	Павло Варениця
Цвях	4320	Українські рок-гурти	keep	False	Цвях (гурт)
Фіолет	4301	Українські рок-гурти	keep	True	Фіолет
Enleo	4285	Українські попспіваки	keep	False	Enleo
Кекелія Віра Варламівна	4254	Українські попспіваки	keep	False	Кекелія Віра Варламівна
Кобза	4250	Українські рок-гурти	keep	False	Кобза (гурт)
The Unsleeping	4222	Українські рок-гурти	keep	False	The Unsleeping
Гайдамаки	4198	Українські рок-гурти	keep	True	Гайдамаки (гурт)
Брати Карамазови	4187	Українські рок-гурти	keep	False	Брати Карамазови (гурт)
Qarpa	4078	Українські рок-гурти	keep	False	Qarpa
Swoiia	4060	Українські попспівачки	keep	False	Swoiia
Ivan Navi	4049	Українські попспіваки	keep	False	Ivan Navi
Білоконь Олена Олексіївна	3948	Українські попспівачки	keep	False	Білоконь Олена Олексіївна
Кірсо Ніна Владиславівна	3840	Українські попспіваки	keep	False	Кірсо Ніна Владиславівна
Перкалаба	3757	Українські рок-гурти	keep	False	Перкалаба
Таліта Кум	3674	Українські рок-гурти	keep	False	Таліта Кум
Кожаный олень	3523	Українські рок-гурти	keep	False	Кожаный олень
Громадянин Топінамбур	3518	Українські рок-гурти	keep	False	Громадянин Топінамбур
Рок-музика в Україні	3363	Українські рок-гурти	keep	False	Рок-музика в Україні
Вітер Геннадій Віталійович	3329	Українські попспіваки	keep	False	Вітер Геннадій Віталійович
Enej	3225	Українські рок-гурти	keep	False	Enej
Пирятин	3088	Українські рок-гурти	keep	False	Пирятин (гурт)
Sonya Kay	2921	Українські попспіваки	keep	False	Sonya Kay
Панайотов Олександр Сергійович	2872	Українські попспіваки	keep	False	Панайотов Олександр Сергійович
Багаудінова Меседа Абдулларисівна	2835	Українські попспіваки	keep	False	Багаудінова Меседа Абдулларисівна
Нумер 482	2820	Українські рок-гурти	keep	False	Нумер 482
Юлія Рай	2798	Українські попспіваки	keep	False	Юлія Рай
Мачете	2784	Українські рок-гурти	keep	False	Мачете (гурт)
DOVI	2758	Українські попспіваки	keep	False	DOVI
Андрій Князь	2742	Українські попспіваки	keep	False	Андрій Князь
Ot Vinta!	2734	Українські рок-гурти	keep	False	Ot Vinta!
Бахарєв Роман Сергійович	2721	Українські рок-співаки	keep	False	Бахарєв Роман Сергійович
Бондарчук Василь Сергійович	2689	Українські попспіваки	keep	False	Бондарчук Василь Сергійович
Rock-H	2661	Українські рок-гурти	keep	False	Rock-H
Riffmaster	2628	Українські рок-гурти	keep	False	Riffmaster
Гордієнко Наталія Володимирівна	2602	Українські попспівачки	keep	False	Гордієнко Наталія Володимирівна
Хвилю тримай	2584	Українські рок-гурти	keep	False	Хвилю тримай
Був'є	2577	Українські рок-гурти	keep	False	Був'є
Боссо Артур Юрійович	2562	Українські попспіваки	keep	False	Боссо Артур Юрійович
Тостер	2557	Українські рок-гурти	keep	False	Тостер (гурт)
Борщ	2554	Українські рок-гурти	keep	False	Борщ (гурт)
Ремонт води	2544	Українські рок-гурти	keep	False	Ремонт води
Дорош Володимир Миколайович	2500	Українські попспіваки	keep	False	Дорош Володимир Миколайович
Los Colorados	2420	Українські рок-гурти	keep	False	Los Colorados
Село і люди	2404	Українські рок-гурти	keep	False	Село і люди (гурт)
Собко Марія Ігорівна	2357	Українські попспівачки	keep	False	Собко Марія Ігорівна
DETACH	2302	Українські рок-гурти	keep	False	DETACH
Ганзера Іван Миколайович	2283	Українські попспіваки	keep	False	Ганзера Іван Миколайович
Владіслав Левицький	2273	Українські попспіваки	keep	False	Владіслав Левицький
Stoned Jesus	2180	Українські рок-гурти	keep	False	Stoned Jesus
Данілова Марія Максимівна	2173	Українські попспівачки	keep	False	Данілова Марія Максимівна
Рутенія	2138	Українські рок-гурти	keep	False	Рутенія (гурт)
Вася Club	2088	Українські рок-гурти	keep	False	Вася Club
Omana	2087	Українські рок-гурти	keep	False	Omana
Сестри Тельнюк	2053	Українські рок-гурти	keep	False	Сестри Тельнюк
Оркестр Че	2039	Українські рок-гурти	keep	False	Оркестр Че
Temstime	1990	Українські попспіваки	keep	False	Temstime
Романченко Віктор Дмитрович	1951	Українські рок-співаки	keep	False	Романченко Віктор Дмитрович
Alex Luna	1950	Українські попспіваки	keep	False	Alex Luna
Очеретяний кіт	1871	Українські рок-гурти	keep	False	Очеретяний кіт (гурт)
Прохорова Леоніла Володимирівна	1810	Українські попспівачки	keep	False	Прохорова Леоніла Володимирівна
Ляпіс-98	1799	Українські рок-гурти	keep	False	Ляпіс-98
Gallina	1788	Українські попспівачки	keep	False	Gallina (співачка)
Дуда Роман Володимирович	1716	Українські попспіваки	keep	False	Дуда Роман Володимирович
Цвіт кульбаби	1713	Українські рок-гурти	keep	False	Цвіт кульбаби
Лесик Band	1646	Українські рок-гурти	keep	False	Лесик Band
Гудімов	1611	Українські рок-гурти	keep	False	Гудімов
Романюта Едуард Едуардович	1561	Українські попспіваки	keep	False	Романюта Едуард Едуардович
Фокіна Марія Ігорівна	1468	Українські попспівачки	keep	False	Фокіна Марія Ігорівна
Сметанова Дарія Олександрівна	1454	Українські попспіваки	keep	False	Сметанова Дарія Олександрівна
Брем Стокер	1445	Українські рок-гурти	keep	False	Брем Стокер (гурт)
Merva	1444	Українські рок-гурти	keep	False	Merva
Хорта	1392	Українські рок-гурти	keep	False	Хорта
Романовська Олена Владиславівна	1389	Українські попспівачки	keep	False	Романовська Олена Владиславівна
Супер вуйки	1377	Українські рок-гурти	keep	False	Супер вуйки
Gouache	1375	Українські рок-гурти	keep	False	Gouache
Росава	1314	Українські попспівачки	keep	False	Росава (співачка)
Yagoda	1306	Українські попспівачки	keep	False	Yagoda
Руки'в Брюки	1298	Українські рок-гурти	keep	False	Руки'в Брюки
Вперше чую	1295	Українські рок-гурти	keep	False	Вперше чую
НеДіля	1286	Українські рок-гурти	keep	False	НеДіля
Mushmellow	1273	Українські рок-гурти	keep	False	Mushmellow
Гуцул Каліпсо	1254	Українські рок-гурти	keep	False	Гуцул Каліпсо
Constantine	1240	Українські попспіваки	keep	False	Constantine
Sinoptik	1232	Українські рок-гурти	keep	False	Sinoptik
Скрудж	1231	Українські рок-гурти	keep	False	Скрудж (гурт)
Еней	1226	Українські рок-гурти	keep	False	Еней (гурт)
Холодне сонце	1223	Українські рок-гурти	keep	False	Холодне сонце
Чумацький шлях	1221	Українські рок-гурти	keep	False	Чумацький шлях (гурт)
Панас Буйний	1169	Українські попспіваки	keep	False	Панас Буйний
Русова Тетяна Миколаївна	1153	Українські попспіваки	keep	False	Русова Тетяна Миколаївна
Оратанія	1151	Українські рок-гурти	keep	False	Оратанія (гурт)
Ундервуд	1134	Українські рок-гурти	keep	False	Ундервуд
Абздольц	1126	Українські рок-гурти	keep	False	Абздольц
Поліна Дашкова	1124	Українські попспівачки	keep	False	Поліна Дашкова (співачка)
Karta Svitu	1115	Українські рок-гурти	keep	False	Karta Svitu
Шабля	1084	Українські рок-гурти	keep	False	Шабля (гурт)
Ivanov Down	1084	Українські рок-гурти	keep	False	Ivanov Down
Maxima	1080	Українські рок-гурти	keep	False	Maxima (гурт)
Marakesh	1063	Українські рок-гурти	keep	False	Marakesh
Список виконавців українського року	1057	Українські рок-гурти	keep	False	Список виконавців українського року
Біла вежа	1050	Українські рок-гурти	keep	False	Біла вежа (гурт)
Кочергіна Тетяна	1006	Українські попспівачки	keep	False	Кочергіна Тетяна (співачка)
Колір ночі	1004	Українські рок-гурти	keep	False	Колір ночі (гурт)
Флайза	964	Українські рок-гурти	keep	False	Флайза
Ярра	960	Українські рок-гурти	keep	False	Ярра (гурт)
Спалахнув шифер	951	Українські рок-гурти	keep	False	Спалахнув шифер
Mnishek	933	Українські рок-гурти	keep	False	Mnishek
Zоряна	932	Українські рок-гурти	keep	False	Zоряна
Fontaliza	926	Українські рок-гурти	keep	False	Fontaliza
Nameless (UA, Ternopil)	893	Українські рок-гурти	keep	False	Nameless (UA, Ternopil)
Бережнюк Максим Павлович	884	Українські рок-співаки	keep	False	Бережнюк Максим Павлович
Ґорґішелі	878	Українські рок-гурти	keep	False	Ґорґішелі
Монте Крісто	877	Українські рок-гурти	keep	False	Монте Крісто
Розенфельд Ірина Олександрівна	864	Українські попспівачки	keep	False	Розенфельд Ірина Олександрівна
Contra Bass	852	Українські рок-гурти	keep	False	Contra Bass
Tom Soda	847	Українські попспіваки	keep	False	Tom Soda
Наталя Мирна	830	Українські попспіваки	keep	False	Наталя Мирна
Legenda Folium	829	Українські рок-гурти	keep	False	Legenda Folium
Візерунки шляхів	828	Українські рок-гурти	keep	False	Візерунки шляхів
Тетяна Ширко	814	Українські попспіваки	keep	False	Тетяна Ширко
Айна Вільберг	808	Українські попспіваки	keep	False	Айна Вільберг
Ліля Ваврін	804	Українські попспівачки	keep	False	Ліля Ваврін
Жаба в дирижаблі	799	Українські рок-гурти	keep	False	Жаба в дирижаблі
ДМЦ	795	Українські рок-гурти	keep	False	ДМЦ (гурт)
И друг мой грузовик	788	Українські рок-гурти	keep	False	И друг мой грузовик
The Ukrainians	784	Українські рок-гурти	keep	False	The Ukrainians
Влад Шериф	776	Українські попспіваки	keep	False	Влад Шериф
Quo vadis	769	Українські рок-гурти	keep	False	Quo vadis (гурт)
Онейроїд	755	Українські рок-гурти	keep	False	Онейроїд (гурт)
Чарівні гітари	744	Українські рок-гурти	keep	False	Чарівні гітари
Романчук Мар'ян	742	Українські попспіваки	keep	False	Романчук Мар'ян
Platina	733	Українські рок-гурти	keep	False	Platina
Серцевий напад	732	Українські рок-гурти	keep	False	Серцевий напад (гурт)
Entree	729	Українські рок-гурти	keep	False	Entree
The Feels	727	Українські рок-гурти	keep	False	The Feels
Фоа-Хока	726	Українські рок-гурти	keep	False	Фоа-Хока
Немо	725	Українські рок-гурти	keep	False	Немо (гурт)
ГИЧ оркестр	699	Українські рок-гурти	keep	False	ГИЧ оркестр
999	684	Українські рок-гурти	keep	False	999 (гурт)
Шпак Марта Дмитрівна	683	Українські попспівачки	keep	False	Шпак Марта Дмитрівна
Королівські зайці	661	Українські рок-гурти	keep	False	Королівські зайці
Михайло Кабанов	652	Українські рок-співаки	keep	False	Михайло Кабанов
Безодня	649	Українські рок-гурти	keep	False	Безодня (гурт)
Ukie'z	643	Українські рок-гурти	keep	False	Ukie'z
Vkrayst	628	Українські рок-гурти	keep	False	Vkrayst
Квіткіс	627	Українські рок-гурти	keep	False	Квіткіс (гурт)
Cheshires	625	Українські рок-гурти	keep	False	Cheshires
Robots Don't Cry	621	Українські рок-гурти	keep	False	Robots Don't Cry
Фрегли	608	Українські рок-гурти	keep	False	Фрегли
Морозова Наталія Григорівна	607	Українські попспівачки	keep	False	Морозова Наталія Григорівна (співачка)
Раббота Хо	601	Українські рок-гурти	keep	False	Раббота Хо
TaRuta	595	Українські рок-гурти	keep	False	TaRuta
The Doox	590	Українські рок-гурти	keep	False	The Doox
Монтеск'є	585	Українські рок-гурти	keep	False	Монтеск'є (гурт)
Кораллі	574	Українські рок-гурти	keep	False	Кораллі
Банита Байда	573	Українські рок-гурти	keep	False	Банита Байда
Пісні наших днів	573	Українські рок-гурти	keep	False	Пісні наших днів
FRANCO	559	Українські рок-гурти	keep	False	FRANCO (гурт)
Тимпаче	558	Українські рок-гурти	keep	False	Тимпаче (гурт)
Веста Сенная	547	Українські попспівачки	keep	False	Веста Сенная
Гапочка	545	Українські рок-гурти	keep	False	Гапочка
Гроно	540	Українські рок-гурти	keep	False	Гроно (гурт)
Крутий заміс	538	Українські рок-гурти	keep	False	Крутий заміс
The Хостільня	529	Українські рок-гурти	keep	False	The Хостільня
ДримбаДаДзиґа	521	Українські рок-гурти	keep	False	ДримбаДаДзиґа
Казма-Казма	521	Українські рок-гурти	keep	False	Казма-Казма
Stinx	520	Українські рок-гурти	keep	False	Stinx
Артеменко Людмила Михайлівна	501	Українські попспівачки	keep	False	Артеменко Людмила Михайлівна
Аптека	493	Українські рок-гурти	keep	False	Аптека (гурт)
Пан Пупец	486	Українські рок-гурти	keep	False	Пан Пупец
Ніагара	480	Українські рок-гурти	keep	False	Ніагара (гурт)
Ті, що падають вгору	480	Українські рок-гурти	keep	False	Ті, що падають вгору
Триставісім	478	Українські рок-гурти	keep	False	Триставісім
Quadragesima	477	Українські рок-гурти	keep	False	Quadragesima
Мія	474	Українські попспівачки	keep	False	Мія
Мантра Керуака	473	Українські рок-гурти	keep	False	Мантра Керуака
Фарбований лис	473	Українські рок-гурти	keep	False	Фарбований лис
Василюк Ольга Павлівна	472	Українські попспівачки	keep	False	Василюк Ольга Павлівна
Відповідь to be	468	Українські рок-гурти	keep	False	Відповідь to be
Мурени	467	Українські рок-гурти	keep	False	Мурени (гурт)
Обійми дощу	467	Українські рок-гурти	keep	False	Обійми дощу
Лаура Марті	465	Українські попспівачки	keep	False	Лаура Марті
Marietta	449	Українські попспівачки	keep	False	Marietta
Fakultet	448	Українські рок-гурти	keep	False	Fakultet
Диалог	444	Українські рок-гурти	keep	False	Диалог
Кімната Гретхен	442	Українські рок-гурти	keep	False	Кімната Гретхен
Bugs & Bunny	442	Українські рок-гурти	keep	False	Bugs & Bunny
Більше	436	Українські рок-гурти	keep	False	Більше
Mr. Vel	435	Українські попспіваки	keep	False	Mr. Vel
IWANNA	430	Українські попспівачки	keep	False	IWANNA
Пропала грамота	424	Українські рок-гурти	keep	False	Пропала грамота (гурт)
Атмасфера	420	Українські рок-гурти	keep	False	Атмасфера
Гурт Вертеп	418	Українські рок-гурти	keep	False	Гурт Вертеп
Армада	416	Українські рок-гурти	keep	False	Армада (гурт)
Бронзові гаражі	416	Українські рок-гурти	keep	False	Бронзові гаражі
LUMIERE	409	Українські рок-гурти	keep	False	LUMIERE
Друже музико	406	Українські рок-гурти	keep	False	Друже музико
Pins	392	Українські рок-гурти	keep	False	Pins
Арахнофобія	391	Українські рок-гурти	keep	False	Арахнофобія (рок-гурт)
Квартира № 50	389	Українські рок-гурти	keep	False	Квартира № 50
Франко	375	Українські рок-гурти	keep	False	Франко (гурт)
Астарта	373	Українські рок-гурти	keep	False	Астарта (гурт)
Braii	370	Українські рок-гурти	keep	False	Braii
Яка існуЄ	364	Українські рок-гурти	keep	False	Яка існуЄ
БраZерс	360	Українські рок-гурти	keep	False	БраZерс
Криголам	358	Українські рок-гурти	keep	False	Криголам (гурт)
NOVI	354	Українські рок-гурти	keep	False	NOVI
Vsivdoma	353	Українські рок-гурти	keep	False	Vsivdoma
Андрос Олег Євгенійович	351	Українські рок-співаки	keep	False	Андрос Олег Євгенійович
Теорія ґвалту	348	Українські рок-гурти	keep	False	Теорія ґвалту
Телері	344	Українські рок-гурти	keep	False	Телері (гурт)
Крик душі	341	Українські рок-гурти	keep	False	Крик душі
Файно	337	Українські рок-гурти	keep	False	Файно (гурт)
Друге дихання	334	Українські рок-гурти	keep	False	Друге дихання
ANGELA	330	Українські попспівачки	keep	False	ANGELA
Серце Дженніфер	329	Українські рок-гурти	keep	False	Серце Дженніфер
Кам'яний гість	328	Українські рок-гурти	keep	False	Кам'яний гість (гурт)
Русичі	324	Українські рок-гурти	keep	False	Русичі (гурт)
Абу-Касимові капці	320	Українські рок-гурти	keep	False	Абу-Касимові капці (гурт)
Shatur-Gudur	319	Українські рок-гурти	keep	False	Shatur-Gudur
Папа Карло	315	Українські рок-гурти	keep	False	Папа Карло (гурт)
Контрабанда	312	Українські рок-гурти	keep	False	Контрабанда (гурт)
Перкалабські придатки	310	Українські рок-гурти	keep	False	Перкалабські придатки
Death Valley Screamers	310	Українські рок-гурти	keep	False	Death Valley Screamers
RULADA	308	Українські попспівачки	keep	False	RULADA
Один	305	Українські рок-гурти	keep	False	Один (гурт)
Оркестр Янки Козир	303	Українські рок-гурти	keep	False	Оркестр Янки Козир
Їжак	302	Українські рок-гурти	keep	False	Їжак (гурт)
Stanza	302	Українські рок-гурти	keep	False	Stanza
Опальний принц	297	Українські рок-гурти	keep	False	Опальний принц
Конгрес	296	Українські рок-гурти	keep	False	Конгрес (гурт)
Боровець-Демчишин Олександра Романівна	290	Українські попспівачки	keep	False	Боровець-Демчишин Олександра Романівна
Klooch	286	Українські рок-гурти	keep	False	Klooch
U.A.R.	285	Українські рок-гурти	keep	False	U.A.R.
Стебельська Оксана Юріївна	280	Українські попспіваки	keep	False	Стебельська Оксана Юріївна
Мацуцька Анастасія Віталіївна	275	Українські попспівачки	keep	False	Мацуцька Анастасія Віталіївна
D-Drifters-5	274	Українські рок-гурти	keep	False	D-Drifters-5
Nebraska	273	Українські рок-гурти	keep	False	Nebraska
Евеліна Белюц	272	Українські попспівачки	keep	False	Евеліна Белюц
Natalika	269	Українські рок-гурти	keep	False	Natalika
Калугін Антон Олександрович	267	Українські рок-співаки	keep	False	Калугін Антон Олександрович
Опіум	265	Українські рок-гурти	keep	False	Опіум (гурт)
Калєкція	264	Українські рок-гурти	keep	False	Калєкція
May of Sorrow	261	Українські рок-гурти	keep	False	May of Sorrow
Воанергес	260	Українські рок-гурти	keep	False	Воанергес
Натоліч	260	Українські рок-гурти	keep	False	Натоліч
Серафин Олег Романович	259	Українські попспіваки	keep	False	Серафин Олег Романович
Трутні	249	Українські рок-гурти	keep	False	Трутні (гурт)
К402	246	Українські рок-гурти	keep	False	К402
Транс-Формер	239	Українські рок-гурти	keep	False	Транс-Формер
Декаданс	236	Українські рок-гурти	keep	False	Декаданс (рок-гурт)
Дикі серцем	236	Українські рок-гурти	keep	False	Дикі серцем (гурт)
ХуЧ	235	Українські рок-гурти	keep	False	ХуЧ
Патриція	231	Українські рок-гурти	keep	False	Патриція (гурт)
Романенко Євген Ігорович	229	Українські рок-співаки	keep	False	Романенко Євген Ігорович
Ласковые усы	228	Українські рок-гурти	keep	False	Ласковые усы
Листопад	228	Українські рок-гурти	keep	False	Листопад (гурт)
Брудні	224	Українські рок-гурти	keep	False	Брудні
Ворст	220	Українські рок-гурти	keep	False	Ворст (гурт)
The Vips	219	Українські рок-гурти	keep	False	The Vips
MLLM	218	Українські рок-гурти	keep	False	MLLM
Ворождень	217	Українські рок-гурти	keep	False	Ворождень
Anebo	215	Українські рок-гурти	keep	False	Anebo
Відчуття.Тиші	214	Українські рок-гурти	keep	False	Відчуття.Тиші
Viscula	213	Українські рок-гурти	keep	False	Viscula
Simple Pimple	211	Українські рок-гурти	keep	False	Simple Pimple
Юдін Зоряна Іванівна	210	Українські попспівачки	keep	False	Юдін Зоряна Іванівна
Хаш	208	Українські рок-гурти	keep	False	Хаш (гурт)
Igelkott	202	Українські рок-гурти	keep	False	Igelkott
Лінія Надрізу	201	Українські рок-гурти	keep	False	Лінія Надрізу
СонЦе	200	Українські рок-гурти	keep	False	СонЦе (гурт)
Інкунабула	199	Українські рок-гурти	keep	False	Інкунабула (гурт)
Бандурбенд	198	Українські рок-гурти	keep	False	Бандурбенд
Вурдалаки	193	Українські рок-гурти	keep	False	Вурдалаки
Я-Рек	190	Українські попспіваки	keep	False	Я-Рек
Ренесанс	189	Українські рок-гурти	keep	False	Ренесанс (гурт)
Крапка	188	Українські рок-гурти	keep	False	Крапка (гурт)
Мартові	187	Українські рок-гурти	keep	False	Мартові
NoraLasso	185	Українські рок-гурти	keep	False	NoraLasso
Бастіон	183	Українські рок-гурти	keep	False	Бастіон (гурт)
Сни Дріади	179	Українські рок-гурти	keep	False	Сни Дріади
Тимур Василишин	177	Українські попспіваки	keep	False	Тимур Василишин
Вапняки під голим небом	175	Українські рок-гурти	keep	False	Вапняки під голим небом
King Size	173	Українські рок-гурти	keep	False	King Size
Морра	170	Українські рок-гурти	keep	False	Морра
Zetetics	170	Українські рок-гурти	keep	False	Zetetics
Косова-Рахімова Вікторія Вікторівна	170	Українські попспівачки	keep	False	Косова-Рахімова Вікторія Вікторівна
Восьмий день	166	Українські рок-гурти	keep	False	Восьмий день
Проти течії	166	Українські рок-гурти	keep	False	Проти течії
BioNik	166	Українські рок-гурти	keep	False	BioNik
Sweetlo	166	Українські рок-гурти	keep	False	Sweetlo
Андерсон	165	Українські рок-гурти	keep	False	Андерсон (гурт)
Cherry-merry	164	Українські рок-гурти	keep	False	Cherry-merry
Ефект метелика	163	Українські рок-гурти	keep	False	Ефект метелика (гурт)
Біллі Мілліґан Бенд	161	Українські рок-гурти	keep	False	Біллі Мілліґан Бенд
Vidverto	161	Українські рок-гурти	keep	False	Vidverto
Артіш	158	Українські рок-гурти	keep	False	Артіш
Манускрипт	156	Українські рок-гурти	keep	False	Манускрипт (гурт)
REIVA	156	Українські рок-гурти	keep	False	REIVA
Rockoko	156	Українські рок-гурти	keep	False	Rockoko
Doping	150	Українські рок-гурти	keep	False	Doping
Atomic Simao	146	Українські рок-гурти	keep	False	Atomic Simao
Хмародери	144	Українські рок-гурти	keep	False	Хмародери
Грані	137	Українські рок-гурти	keep	False	Грані (гурт)
Повільне кермо	136	Українські рок-гурти	keep	False	Повільне кермо
D.Marsh	135	Українські рок-гурти	keep	False	D.Marsh
МайжеКолір	131	Українські рок-гурти	keep	False	МайжеКолір
Шана	131	Українські рок-гурти	keep	False	Шана (гурт)
Stringy!	131	Українські рок-гурти	keep	False	Stringy!
Самі свої	130	Українські рок-гурти	keep	False	Самі свої
Безпека	129	Українські рок-гурти	keep	False	Безпека (гурт)
Bredberi	129	Українські рок-гурти	keep	False	Bredberi
Худі а моцні	128	Українські рок-гурти	keep	False	Худі а моцні
Масса причин	124	Українські рок-гурти	keep	False	Масса причин
DK Dance	124	Українські рок-гурти	keep	False	DK Dance
Ефір	123	Українські рок-гурти	keep	False	Ефір (гурт)
Дощ	122	Українські рок-гурти	keep	False	Дощ (гурт)
Outcry	121	Українські рок-гурти	keep	False	Outcry
Audi Sile	120	Українські рок-гурти	keep	False	Audi Sile
Мостика Віктор Валентинович	120	Українські попспіваки	keep	False	Мостика Віктор Валентинович
PanKe Shava	119	Українські рок-гурти	keep	False	PanKe Shava
Lost Message	117	Українські рок-гурти	keep	False	Lost Message
One Planet Orchestra	117	Українські рок-гурти	keep	False	One Planet Orchestra
За край	116	Українські рок-гурти	keep	False	За край
Dead Boys Girlfriend	116	Українські рок-гурти	keep	False	Dead Boys Girlfriend
Вихід у місто	113	Українські рок-гурти	keep	False	Вихід у місто
AndrosLand	112	Українські рок-гурти	keep	False	AndrosLand
Нерозгадані	111	Українські рок-гурти	keep	False	Нерозгадані
Lemon bite	111	Українські рок-гурти	keep	False	Lemon bite
Драглайн	110	Українські рок-гурти	keep	False	Драглайн (гурт)
Firejam	110	Українські рок-гурти	keep	False	Firejam
Rosa Marena	110	Українські рок-гурти	keep	False	Rosa Marena
Imira	108	Українські рок-гурти	keep	False	Imira
Мрія життя	106	Українські рок-гурти	keep	False	Мрія життя
Yukra	106	Українські рок-гурти	keep	False	Yukra
Копірайт	105	Українські рок-гурти	keep	False	Копірайт (гурт)
ДельТора	104	Українські рок-гурти	keep	False	ДельТора
Pick-Up	104	Українські рок-гурти	keep	False	Pick-Up (гурт)
Roll Models	103	Українські рок-гурти	keep	False	Roll Models
Глен Моранж	97	Українські рок-гурти	keep	False	Глен Моранж
Ріплей	96	Українські рок-гурти	keep	False	Ріплей
Amyst	96	Українські рок-гурти	keep	False	Amyst
Буджакери	94	Українські рок-гурти	keep	False	Буджакери
Два з половиною кума	94	Українські рок-гурти	keep	False	Два з половиною кума
Кінгсайз	94	Українські рок-гурти	keep	False	Кінгсайз
Interpressive	93	Українські рок-гурти	keep	False	Interpressive
Користувачка:Katrin Guk/Чернетка	90	Українські попспівачки	keep	False	Користувачка:Katrin Guk/Чернетка
Користувач:Марія Попівняк/Чернетка	89	Українські рок-гурти	keep	False	Користувач:Марія Попівняк/Чернетка
Palanka	86	Українські рок-гурти	keep	False	Palanka (гурт)
Switch On The Light	86	Українські рок-гурти	keep	False	Switch On The Light
Acloneofmyown	85	Українські рок-гурти	keep	False	Acloneofmyown
Країна мрій	84	Українські рок-гурти	keep	False	Країна мрій (гурт)
Товарищ	84	Українські рок-гурти	keep	False	Товарищ (гурт)
Postsense	77	Українські рок-гурти	keep	False	Postsense
Respect Your Mom	77	Українські рок-гурти	keep	False	Respect Your Mom
ДАТ	76	Українські рок-гурти	keep	False	ДАТ (гурт)
Hobot & Co	73	Українські рок-гурти	keep	False	Hobot & Co
Користувач:V2B/Чернетка	73	Українські рок-гурти	keep	False	Користувач:V2B/Чернетка
Inside The Sound	71	Українські рок-гурти	keep	False	Inside The Sound
The Space Cakes	69	Українські рок-гурти	keep	False	The Space Cakes
Point	68	Українські рок-гурти	keep	False	Point (гурт)
S.A.M.	68	Українські рок-гурти	keep	False	S.A.M. (гурт)
Paashee	65	Українські попспіваки	keep	False	Paashee
Doomdozer	61	Українські рок-гурти	keep	False	Doomdozer
Nice Wings, Icarus!	61	Українські рок-гурти	keep	False	Nice Wings, Icarus!
So The Echo	61	Українські рок-гурти	keep	False	So The Echo
Solar Blooms	61	Українські рок-гурти	keep	False	Solar Blooms
Карпатіан	59	Українські рок-гурти	keep	False	Карпатіан
Троє на дивані	59	Українські рок-гурти	keep	False	Троє на дивані
Megapolis Witches	56	Українські рок-гурти	keep	False	Megapolis Witches
Маджодо	53	Українські рок-гурти	keep	False	Маджодо
Krichuss	53	Українські рок-гурти	keep	False	Krichuss
My Ink	52	Українські рок-гурти	keep	False	My Ink
H.Soror	50	Українські рок-гурти	keep	False	H.Soror
Вікіпедія:Відновлення вилучених сторінок/Архів 16	46	Українські рок-співаки	keep	False	Вікіпедія:Відновлення вилучених сторінок/Архів 16
Vera Lingua	44	Українські рок-гурти	keep	False	Vera Lingua
Тайманова Діана Олександрівна	40	Українські попспівачки	keep	False	Тайманова Діана Олександрівна
Obsession in Silence	33	Українські рок-гурти	keep	False	Obsession in Silence
Andrew Bear	32	Українські рок-гурти	keep	False	Andrew Bear
Miles Babies	31	Українські рок-гурти	keep	False	Miles Babies
Це Глина	28	Українські рок-гурти	keep	False	Це Глина (гурт)
Vøvk	15	Українські рок-гурти	keep	False	Vøvk
Користувач:Orestt/Чернетка	13	Українські рок-гурти	keep	False	Користувач:Orestt/Чернетка
Користувач:Katerina Kraken/Чернетка	9	Українські рок-гурти	keep	False	Користувач:Katerina Kraken/Чернетка
АННА	0	Українські рок-гурти	excluded: метал	False	АННА (гурт)
Веремій	0	Українські рок-гурти	excluded: метал	False	Веремій (гурт)
Вогні цитаделі	0	Українські рок-гурти	excluded: метал	False	Вогні цитаделі
Волхв	0	Українські рок-гурти	excluded: метал	False	Волхв (гурт)
Гуцули	0	Українські рок-гурти	excluded: метал	False	Гуцули (гурт)
Злам	0	Українські рок-гурти	excluded: метал	False	Злам (гурт)
Ірій	0	Українські рок-гурти	excluded: метал	False	Ірій (гурт)
Карна	0	Українські рок-гурти	excluded: метал	True	Карна (гурт)
КПП	0	Українські рок-гурти	excluded: метал	False	КПП (гурт)
Кратер	0	Українські рок-гурти	excluded: метал	False	Кратер (гурт)
Мій батько п'є	0	Українські рок-гурти	excluded: метал	False	Мій батько п'є
Моноліт	0	Українські рок-гурти	excluded: метал	False	Моноліт (рок-гурт)
Полинове поле	0	Українські рок-гурти	excluded: Дум-	False	Полинове поле
Рай із твоїх снів	0	Українські рок-гурти	excluded: метал	False	Рай із твоїх снів
Реанімація	0	Українські рок-гурти	excluded: метал	False	Реанімація (гурт)
Роллік'с	0	Українські рок-гурти	excluded: метал	False	Роллік'с (гурт)
Сад	0	Українські рок-гурти	excluded: метал	False	Сад (гурт)
Сокира Перуна	0	Українські рок-гурти	excluded: метал	False	Сокира Перуна
Сонцесвіт	0	Українські рок-гурти	excluded: метал	False	Сонцесвіт
Тартак	0	Українські рок-гурти	excluded: метал	True	Тартак (гурт)
Тіні забутих предків	0	Українські рок-гурти	excluded: метал	False	Тіні забутих предків (гурт)
Тінь сонця	0	Українські рок-гурти	excluded: метал	True	Тінь сонця
ТОК	0	Українські рок-гурти	excluded: метал	False	ТОК (гурт)
ТОЛ	0	Українські рок-гурти	excluded: метал	False	ТОЛ
ТонкаяКраснаяНить	0	Українські рок-гурти	excluded: метал	False	ТонкаяКраснаяНить
Точка опори	0	Українські рок-гурти	excluded: метал	False	Точка опори (гурт)
Фабула	0	Українські рок-гурти	excluded: метал	False	Фабула (гурт)
Цирюльня імені Котовського	0	Українські рок-гурти	excluded: метал	False	Цирюльня імені Котовського
Чиста криниця (гурт, Харків)	0	Українські рок-гурти	excluded: метал	False	Чиста криниця (гурт, Харків)
Чур	0	Українські рок-гурти	excluded: метал	False	Чур (гурт)
Користувач:Andrii Slonik/Remover	0	Українські рок-гурти	excluded: метал	False	Користувач:Andrii Slonik/Remover (гурт)
Crimson Sky	0	Українські рок-гурти	excluded: Дум-	False	Crimson Sky
Defiant	0	Українські рок-гурти	excluded: метал	False	Defiant
Éllia	0	Українські рок-гурти	excluded: хардкор	False	Éllia
Epicrise	0	Українські рок-гурти	excluded: метал	False	Epicrise
Etwas Unders	0	Українські рок-гурти	excluded: метал	False	Etwas Unders
ForceOut	0	Українські рок-гурти	excluded: метал	False	ForceOut
Freedom Avenue	0	Українські рок-гурти	excluded: метал	False	Freedom Avenue
Grimfaith	0	Українські рок-гурти	excluded: метал	False	Grimfaith
Haspyd	0	Українські рок-гурти	excluded: метал	False	Haspyd
Jackrebel	0	Українські рок-гурти	excluded: Дум-	False	Jackrebel
Jinjer	0	Українські рок-гурти	excluded: метал	False	Jinjer
Khors	0	Українські рок-гурти	excluded: блек	False	Khors
Kraamola	0	Українські рок-гурти	excluded: метал	False	Kraamola
Latur	0	Українські рок-гурти	excluded: метал	False	Latur
M-Theory	0	Українські рок-гурти	excluded: метал	False	M-Theory
M8L8TH	0	Українські рок-гурти	excluded: Блек	False	M8L8TH
Make Me Famous	0	Українські рок-гурти	excluded: Хардкор	False	Make Me Famous
Maknamara	0	Українські рок-гурти	excluded: метал	False	Maknamara
Marvel	0	Українські рок-гурти	excluded: метал	False	Marvel (гурт)
MegamasS	0	Українські рок-гурти	excluded: метал	False	MegamasS
MEGAWHITE	0	Українські рок-гурти	excluded: метал	False	MEGAWHITE
Morphine Suffering	0	Українські рок-гурти	excluded: метал	False	Morphine Suffering
Motanka	0	Українські рок-гурти	excluded: метал	False	Motanka
Munruthel	0	Українські рок-гурти	excluded: метал	False	Munruthel
Mysterya	0	Українські рок-гурти	excluded: метал	False	Mysterya
Oceans Red	0	Українські рок-гурти	excluded: Хардкор	False	Oceans Red
Oskord	0	Українські рок-гурти	excluded: метал	False	Oskord
Pictures Inside Me	0	Українські рок-гурти	excluded: Метал	False	Pictures Inside Me
Power Tale	0	Українські рок-гурти	excluded: метал	False	Power Tale
Semargl	0	Українські рок-гурти	excluded: метал	False	Semargl
Sick Solution	0	Українські рок-гурти	excluded: метал	False	Sick Solution
Skinhate	0	Українські рок-гурти	excluded: метал	False	Skinhate
Space of Variations	0	Українські рок-гурти	excluded: метал	False	Space of Variations
Sunrise	0	Українські рок-гурти	excluded: метал	False	Sunrise (гурт)
Theogonia	0	Українські рок-гурти	excluded: метал	False	Theogonia (гурт)
VITER	0	Українські рок-гурти	excluded: метал	False	VITER
Way station	0	Українські рок-гурти	excluded: метал	False	Way station
Widen	0	Українські рок-гурти	excluded: метал	False	Widen
Василюк Сергій Юрійович	0	Українські рок-співаки	excluded: метал	False	Василюк Сергій Юрійович
